{"cameraMode":{"drawMode":0,"name":"Shaded","section":"Shading Mode"},"sceneLighting":true,"audioPlay":false,"sceneViewState":{"m_AlwaysRefresh":false,"showFog":true,"showSkybox":true,"showFlares":true,"showImageEffects":true,"showParticleSystems":true,"showVisualEffectGraphs":true,"m_FxEnabled":true},"in2DMode":false,"pivot":{"x":11.46103286743164,"y":10.615762710571289,"z":3.507498264312744},"rotation":{"x":-0.06875645369291306,"y":-0.07565062493085861,"z":0.005230251234024763,"w":-0.9947575330734253},"size":22.824264526367189,"orthographic":false}